{
  "periodo": {
    "precision": 0.9976152623211447,
    "recall": 1.0,
    "f1-score": 0.9988062077198567,
    "support": 2510,
    "confused_with": {}
  },
  "categoria": {
    "precision": 1.0,
    "recall": 1.0,
    "f1-score": 1.0,
    "support": 1395,
    "confused_with": {}
  },
  "monto": {
    "precision": 1.0,
    "recall": 1.0,
    "f1-score": 1.0,
    "support": 614,
    "confused_with": {}
  },
  "medio": {
    "precision": 1.0,
    "recall": 1.0,
    "f1-score": 1.0,
    "support": 736,
    "confused_with": {}
  },
  "fecha": {
    "precision": 1.0,
    "recall": 1.0,
    "f1-score": 1.0,
    "support": 336,
    "confused_with": {}
  },
  "tipo": {
    "precision": 0.9950835791543756,
    "recall": 0.9960629921259843,
    "f1-score": 0.9955730447614363,
    "support": 1016,
    "confused_with": {}
  },
  "micro avg": {
    "precision": 0.9983368612035077,
    "recall": 0.9993945815044649,
    "f1-score": 0.9988654413433175,
    "support": 6607
  },
  "macro avg": {
    "precision": 0.9987831402459201,
    "recall": 0.9993438320209974,
    "f1-score": 0.9990632087468821,
    "support": 6607
  },
  "weighted avg": {
    "precision": 0.9983380089067532,
    "recall": 0.9993945815044649,
    "f1-score": 0.9988657173988891,
    "support": 6607
  },
  "accuracy": 0.9992221127417933
}